{"class_name": "Model", "config": {"name": "model_1", "layers": [{"name": "InputLayer", "class_name": "InputLayer", "config": {"batch_input_shape": [null, 80], "dtype": "float32", "sparse": false, "name": "InputLayer"}, "inbound_nodes": []}, {"name": "batch_normalization_1", "class_name": "BatchNormalization", "config": {"name": "batch_normalization_1", "trainable": true, "axis": 1, "momentum": 0.6, "epsilon": 0.001, "center": true, "scale": true, "beta_initializer": {"class_name": "Zeros", "config": {}}, "gamma_initializer": {"class_name": "Ones", "config": {}}, "moving_mean_initializer": {"class_name": "Zeros", "config": {}}, "moving_variance_initializer": {"class_name": "Ones", "config": {}}, "beta_regularizer": null, "gamma_regularizer": null, "beta_constraint": null, "gamma_constraint": null}, "inbound_nodes": [[["InputLayer", 0, 0, {}]]]}, {"name": "H1", "class_name": "Dense", "config": {"name": "H1", "trainable": true, "units": 2049, "activation": "relu", "use_bias": true, "kernel_initializer": {"class_name": "VarianceScaling", "config": {"scale": 2.0, "mode": "fan_in", "distribution": "normal", "seed": 27}}, "bias_initializer": {"class_name": "Zeros", "config": {}}, "kernel_regularizer": null, "bias_regularizer": null, "activity_regularizer": null, "kernel_constraint": null, "bias_constraint": null}, "inbound_nodes": [[["batch_normalization_1", 0, 0, {}]]]}, {"name": "batch_normalization_2", "class_name": "BatchNormalization", "config": {"name": "batch_normalization_2", "trainable": true, "axis": 1, "momentum": 0.6, "epsilon": 0.001, "center": true, "scale": true, "beta_initializer": {"class_name": "Zeros", "config": {}}, "gamma_initializer": {"class_name": "Ones", "config": {}}, "moving_mean_initializer": {"class_name": "Zeros", "config": {}}, "moving_variance_initializer": {"class_name": "Ones", "config": {}}, "beta_regularizer": null, "gamma_regularizer": null, "beta_constraint": null, "gamma_constraint": null}, "inbound_nodes": [[["H1", 0, 0, {}]]]}, {"name": "dropout_1", "class_name": "Dropout", "config": {"name": "dropout_1", "trainable": true, "rate": 0.1, "noise_shape": null, "seed": null}, "inbound_nodes": [[["batch_normalization_2", 0, 0, {}]]]}, {"name": "H2", "class_name": "Dense", "config": {"name": "H2", "trainable": true, "units": 500, "activation": "relu", "use_bias": true, "kernel_initializer": {"class_name": "VarianceScaling", "config": {"scale": 2.0, "mode": "fan_in", "distribution": "normal", "seed": 42}}, "bias_initializer": {"class_name": "Zeros", "config": {}}, "kernel_regularizer": null, "bias_regularizer": null, "activity_regularizer": null, "kernel_constraint": null, "bias_constraint": null}, "inbound_nodes": [[["dropout_1", 0, 0, {}]]]}, {"name": "batch_normalization_3", "class_name": "BatchNormalization", "config": {"name": "batch_normalization_3", "trainable": true, "axis": 1, "momentum": 0.6, "epsilon": 0.001, "center": true, "scale": true, "beta_initializer": {"class_name": "Zeros", "config": {}}, "gamma_initializer": {"class_name": "Ones", "config": {}}, "moving_mean_initializer": {"class_name": "Zeros", "config": {}}, "moving_variance_initializer": {"class_name": "Ones", "config": {}}, "beta_regularizer": null, "gamma_regularizer": null, "beta_constraint": null, "gamma_constraint": null}, "inbound_nodes": [[["H2", 0, 0, {}]]]}, {"name": "H3", "class_name": "Dense", "config": {"name": "H3", "trainable": true, "units": 180, "activation": "relu", "use_bias": true, "kernel_initializer": {"class_name": "VarianceScaling", "config": {"scale": 2.0, "mode": "fan_in", "distribution": "normal", "seed": 65}}, "bias_initializer": {"class_name": "Zeros", "config": {}}, "kernel_regularizer": null, "bias_regularizer": null, "activity_regularizer": null, "kernel_constraint": null, "bias_constraint": null}, "inbound_nodes": [[["batch_normalization_3", 0, 0, {}]]]}, {"name": "batch_normalization_4", "class_name": "BatchNormalization", "config": {"name": "batch_normalization_4", "trainable": true, "axis": 1, "momentum": 0.6, "epsilon": 0.001, "center": true, "scale": true, "beta_initializer": {"class_name": "Zeros", "config": {}}, "gamma_initializer": {"class_name": "Ones", "config": {}}, "moving_mean_initializer": {"class_name": "Zeros", "config": {}}, "moving_variance_initializer": {"class_name": "Ones", "config": {}}, "beta_regularizer": null, "gamma_regularizer": null, "beta_constraint": null, "gamma_constraint": null}, "inbound_nodes": [[["H3", 0, 0, {}]]]}, {"name": "H2_R", "class_name": "Dense", "config": {"name": "H2_R", "trainable": true, "units": 500, "activation": "relu", "use_bias": true, "kernel_initializer": {"class_name": "VarianceScaling", "config": {"scale": 2.0, "mode": "fan_in", "distribution": "normal", "seed": 42}}, "bias_initializer": {"class_name": "Zeros", "config": {}}, "kernel_regularizer": null, "bias_regularizer": null, "activity_regularizer": null, "kernel_constraint": null, "bias_constraint": null}, "inbound_nodes": [[["batch_normalization_4", 0, 0, {}]]]}, {"name": "batch_normalization_5", "class_name": "BatchNormalization", "config": {"name": "batch_normalization_5", "trainable": true, "axis": 1, "momentum": 0.6, "epsilon": 0.001, "center": true, "scale": true, "beta_initializer": {"class_name": "Zeros", "config": {}}, "gamma_initializer": {"class_name": "Ones", "config": {}}, "moving_mean_initializer": {"class_name": "Zeros", "config": {}}, "moving_variance_initializer": {"class_name": "Ones", "config": {}}, "beta_regularizer": null, "gamma_regularizer": null, "beta_constraint": null, "gamma_constraint": null}, "inbound_nodes": [[["H2_R", 0, 0, {}]]]}, {"name": "H1_R", "class_name": "Dense", "config": {"name": "H1_R", "trainable": true, "units": 2049, "activation": "relu", "use_bias": true, "kernel_initializer": {"class_name": "VarianceScaling", "config": {"scale": 2.0, "mode": "fan_in", "distribution": "normal", "seed": 27}}, "bias_initializer": {"class_name": "Zeros", "config": {}}, "kernel_regularizer": null, "bias_regularizer": null, "activity_regularizer": null, "kernel_constraint": null, "bias_constraint": null}, "inbound_nodes": [[["batch_normalization_5", 0, 0, {}]]]}, {"name": "batch_normalization_6", "class_name": "BatchNormalization", "config": {"name": "batch_normalization_6", "trainable": true, "axis": 1, "momentum": 0.6, "epsilon": 0.001, "center": true, "scale": true, "beta_initializer": {"class_name": "Zeros", "config": {}}, "gamma_initializer": {"class_name": "Ones", "config": {}}, "moving_mean_initializer": {"class_name": "Zeros", "config": {}}, "moving_variance_initializer": {"class_name": "Ones", "config": {}}, "beta_regularizer": null, "gamma_regularizer": null, "beta_constraint": null, "gamma_constraint": null}, "inbound_nodes": [[["H1_R", 0, 0, {}]]]}, {"name": "dropout_2", "class_name": "Dropout", "config": {"name": "dropout_2", "trainable": true, "rate": 0.1, "noise_shape": null, "seed": null}, "inbound_nodes": [[["batch_normalization_6", 0, 0, {}]]]}, {"name": "OutputLayer", "class_name": "Dense", "config": {"name": "OutputLayer", "trainable": true, "units": 80, "activation": "linear", "use_bias": true, "kernel_initializer": {"class_name": "VarianceScaling", "config": {"scale": 2.0, "mode": "fan_in", "distribution": "normal", "seed": 62}}, "bias_initializer": {"class_name": "Zeros", "config": {}}, "kernel_regularizer": null, "bias_regularizer": null, "activity_regularizer": null, "kernel_constraint": null, "bias_constraint": null}, "inbound_nodes": [[["dropout_2", 0, 0, {}]]]}], "input_layers": [["InputLayer", 0, 0]], "output_layers": [["OutputLayer", 0, 0]]}, "keras_version": "2.2.4", "backend": "tensorflow"}